14176572	12910453	12910473	14176572	13511869	13850969	14625087	14077401	13760053	10690636	13782183
14487375	13048635	14487375	14034805	11940569	14705380	11197004	11416875	14840164	11292626	12107199
14306599	14296570	14306599	14296507	12596721	14305052	09941648	09866781	11647729	12935656	10701106
14485443	11862850	13544661	12973616	14109478	14485443	14793476	11853694	13111771	13960987	14011797
14090474	13033460	14575066	11854099	13434604	14090474	13292046	13051753	14106784	14469628	11811721
14091481	13298697	12588802	13292046	10691640	13049795	13300176	13840277	13239597	13050176	13067027
14307018	08840280	14428970	12974708	13781946	13938561	10930948	13883797	14135426	13158379	13899755
14313356	12979647	11596614	12979655	11998041	12705355	13316079	12979657	12979646	14226360	13939282
14312950	10617665	07130575	07180359	06774879	12639199	08885744	07960863	11501976	09286334	09521781
14488460	12572326	13413914	10361561	09769359	12574184	12982032	13243583	11392689	10194224	10743882
14315332	12218239	12443314	12479436	14108922	14562998	14014374	11780051	12401852	13854163	14014424
14107193	13192471	14107193	12415395	12905094	13926084	13896341	12892893	12607694	13658106	13746314
14369981	14381605	14386189	07998106	14372465	07944026	07597873	14369981	07691722	13514162	13822140
14296919	08741639	08721668	07635071	08427231	08102870	08991247	09927752	13198833	12181341	14296919
14316476	11639157	12474700	09723222	12392491	12828366	14320818	12949434	14322158	12461113	10121699
14101505	14101505	10185927	11783210	11995087	09715819	10919916	13378920	10974145	11162152	09260320
14488747	14276320	12029533	13872494	14249626	14085101	14077771	13242940	11028757	13722017	13922828
14229637	09338542	09392632	14476446	13288399	08859345	10121602	14229637	09024497	13596704	08782827
14447746	12165228	10299535	11029832	12336369	12334406	12406821	10798610	11481503	12318165	11979748
13929923	13224344	13869037	09655678	13216259	13463809	11161950	08927321	12509623	13081479	14042224
14490461	12855691	14692566	14490461	15050074	08648276	12694032	10836408	07556842	11146513	12109339
14313704	14313704	12646173	09515670	12926662	12794505	11811981	11798991	12272001	10205867	11710933
13929610	12838703	11271492	13929610	10251145	10280396	11077576	11099058	13944629	10839524	14793480
14371326	14371326	13027898	12953660	13682389	09982540	12345776	14796265	14521093	12882531	13305562
14039384	13097463	13843304	13605621	11727553	13192976	14039384	14981204	12879465	14230875	13734651
14314362	14961454	14314362	13115131	14509119	12411990	13058268	14177246	14377621	08616436	09534936
14463454	13938022	12956977	12261928	13431837	09666676	12337950	11178713	08802895	08289149	13963361
14485265	13453495	14485285	14485265	12511990	13530026	11493958	14788658	10032332	11494986	12754760
14485285	13453495	14485285	14485265	12511990	13530026	11493958	14788658	10032332	11494986	12754760
14094300	14094300	11637791	12463561	13279451	10880800	11459547	13834251	14057867	13412159	13401113
14223368	13243945	11771632	12471546	13019189	13019174	12165195	13182819	11014581	11769429	13193933
14305482	14494808	13326199	12508607	06614619	09026551	13474270	13316301	10913788	10202245	09989996
13932153	11502016	09928051	10418559	08457588	14630440	11396306	12248147	09372518	09677287	08330761
13951585	11502016	09928051	10418559	08457588	14630440	11396306	12248147	09372518	09677287	08330761
14086506	14086506	14136997	14084243	14134930	14506366	14109582	14297311	14296020	14298581	14688749
14489903	12392017	13961532	14489903	14795598	13333493	10356217	14100637	11261200	11032882	10740295
14487768	12945057	05970497	06085650	11925228	12094515	10979795	05890543	10196052	08169614	13131253
14135769	13223486	13432458	13432537	12051792	13522382	13790580	14836086	13790632	08541363	12330969
14486974	12762150	13538827	14257010	14067907	14160566	12951360	13664583	14133646	14881492	13653424
14452071	07719456	13362599	10354188	14452071	14970563	14702828	13963361	05662573	13085863	14024580
14216296	08491323	08607052	08345917	08491324	11777824	13238985	13938561	13974995	11230708	14104876
14103434	14103434	14096939	12805701	13116849	13915528	14718336	12805702	14794167	13528976	14024453
14224707	10930948	11375002	09513064	11258127	11313998	13795006	10816838	10327994	11317170	14088547
14321033	14321033	14712293	10707456	12831118	10223619	10924890	13598490	12461140	12353054	12553894
14219763	11473137	10419927	10028973	10957647	14639766	12336849	13985672	13303618	12371923	11239397
14291912	13465855	13645651	14734881	14291912	11562205	13184816	12176687	13243903	10934179	11644199
14322822	14322822	11029915	14577338	09389327	14043549	13845779	09984679	14268156	10276291	08238673
14495259	14796551	14495336	14495259	13564779	11302957	06009967	08024839	08561865	13042129	12379938
14495336	14796551	14495336	14495259	13564779	11302957	06009967	08024839	08561865	13042129	12379938
14322872	12439052	13461518	14203982	11700763	14804337	14166844	14322872	11912384	11420766	12306664
14306156	14306156	11924328	13084465	14724675	13442720	14031322	11636360	11111121	14306160	13092869
14323781	14341171	14323781	12176868	10518736	12173440	10699503	13811792	08552824	07424450	13736524
14495178	09232869	09756060	08882312	08825298	09338815	09318369	07259002	10253154	10388353	09620666
14312777	10105544	10334952	11984012	09872429	14312777	10867152	12333224	12291211	11698658	12656669
14492406	09510786	10780513	09882244	13736558	11042426	09537480	12770166	09107583	12850390	14492406
14325003	14325003	14714111	14638996	14977355	11782390	14085942	14711754	14606064	10647288	09669846
14095155	14485082	12846832	14095155	12132106	14930926	12196016	14684832	14095060	14779564	12246093
14095060	14485082	12034667	06552878	14930926	12414616	14095060	11024653	12391551	08116569	08494127
13933910	13933910	09999229	11768814	11015402	10727550	11768785	12812852	12088731	11339907	12214392
14494010	11170309	11470494	10782660	13645289	12980309	08851955	09291913	10219245	12630103	13231967
14329856	13045103	11210531	11983827	11202004	11715226	07787127	14725156	10157361	10864508	13872494
14497944	11638717	12156822	14081303	14497944	14750665	12848355	12412576	08208183	12605567	12330745
13933488	13933488	14268606	13795721	13705652	09684301	13835826	14506330	14065777	11407854	13036461
14222723	14222723	12830846	09511081	09220595	09433112	09347519	09720860	10790057	10357221	09519857
14493069	10744504	11182374	09642505	14493069	14636155	08643990	09927252	11446548	09293576	11002258
14494355	14494382	14494403	14494355	13047067	12641523	13706745	12782849	13489590	11695232	13396710
14494382	14494382	14494403	14494355	13047067	12641523	13706745	12782849	13489590	11695232	13396710
14077641	13188651	14735957	12013892	14040829	12327754	12751671	12970541	14306423	12949194	12181890
14088098	09281019	09583086	11650120	10063069	12710800	10757275	10473875	11705722	14311667	13728134
14019705	14019705	10102308	13205780	12981628	12402660	14491754	13941777	12080728	14106798	14509852
14494092	12769325	12883651	12511705	14068819	13629854	11971561	11530512	12911424	12329957	12638441
14331141	08596026	12259815	12720238	14642098	13673868	12783851	08882179	12783837	12835085	13846875
14044367	14044367	14555202	14872893	14024140	14046403	14046549	12976239	14566305	12169612	13845599
14378113	13106872	13304414	13437937	12694600	12333531	12081272	10963666	10140796	08799828	13172840
14061606	14061606	13609439	14273466	14213678	12858322	14175882	13802385	14267947	13955159	13974000
14142684	11764436	13168760	14273958	14814085	10181223	13012388	11976936	13535956	13535673	09674877
14147276	14147276	14257562	13200398	13081442	14011380	12044278	13972870	11000362	12950100	12960454
14212776	14416348	11711840	14066706	13069377	14253077	12495230	13416400	12618269	13021673	12903208
14322356	14322356	13753449	14721153	13043379	13220691	10911483	14080943	13829135	14968218	14695002
14334209	14155392	14057043	14471025	14133882	09981888	12730548	10267319	09521747	14567982	13803941
14321515	10097789	14192239	08169130	14800251	07617251	07388037	09199161	10985057	07648515	08648688
14307674	05673510	14006548	09723222	08808170	10215187	09110401	11639157	09577717	06354034	10215260
13937338	12720440	12783197	11470620	14178983	12102617	13156207	14880242	12079486	12581759	13897922
14325131	13156207	12821643	11545131	11044163	08805716	14612156	12337475	10229809	08309491	09666231
14504559	11712614	11823516	12214737	14684732	11560494	13397190	11521012	13120122	13437091	14156592
14500021	07937329	10905685	10599938	10207628	09952414	10709113	12912030	12137817	12874403	10222620
13940568	12970962	12553546	11590373	08816707	12549906	08992318	06080871	08993286	09165051	11759383
14504392	11609487	11442290	11066309	12337657	10653098	13145082	11881305	11213869	13349266	14504392
14081533	09994127	13365436	14605754	10938154	14081533	13316827	12435203	14676454	13606648	13338379
14502649	13600020	14477522	13717145	14989346	13600034	14495558	10758523	13942133	14568968	14471850
14326005	14326005	14882423	06049889	07230238	14331587	14332958	10993604	10994064	06365012	11108694
14280808	14685492	14280808	12559498	10838987	14531272	13955299	13749616	12709621	06590678	09594328
14063394	13224575	13296922	14166399	14159449	14883360	13206602	13246553	13297992	14083917	14833344
14499652	12791259	13458213	14499652	07533942	12823674	11727962	12652279	14645256	07685162	13802997
14327778	14327778	14332246	12658502	13720684	09354586	10108357	07877194	14759286	12213223	14314967
14214816	11654736	09499650	09879415	14847519	10388815	13288690	13895715	10828773	14073530	09697928
13937962	13937962	09378333	08539783	10248713	09213197	08434179	10046322	14574855	08247617	10785438
14333582	08239604	09794028	09520547	10105375	09759354	12328180	13746859	09715828	07967621	10369625
14505568	13608512	13442113	13465227	14505568	13440227	14223071	13766971	13471920	13689001	13785237
14241379	10728767	11425959	10680023	10682861	10404292	11655259	12372860	10125270	11171353	11130981
14500904	14310889	10115799	11503612	12099702	10266779	12109525	13140345	09883803	10077428	12790556
14315401	14315401	09572087	11453953	12071349	13137668	10690082	09898725	13305809	12277337	10861646
14489575	12455594	13096669	13051060	14489575	12169555	12824864	13300318	12947458	07929261	10279611
14328633	12008416	12817016	11415365	11645561	11850252	13652447	11062624	08773834	11276480	08928121
14328633	12008416	12817016	11415365	11645561	11850252	13652447	11062624	08773834	11276480	08928121
14504861	13719090	14504861	13018743	13846884	13021143	12603224	13346927	13072780	13722504	13445798
14085396	10608569	12839341	08978474	11845594	11935424	12345763	12779310	10733096	12491567	10673014
13985927	13985927	14732722	08840280	11645852	13156407	14662605	12716733	11144702	13292912	13275697
14302312	14302312	13287408	14290966	14447033	14198598	14253483	12632926	11086738	14135362	13789530
14506263	13781354	12155237	14590653	13797909	14506263	14307837	13651587	13356923	11101176	13279348
14509310	14130844	14302852	14251052	14337575	13359098	14738017	11887102	13568451	13147640	10303546
14041744	14041744	12849027	12838703	10839524	11099058	11077576	14507315	10251145	13044445	10980959
14510309	14510309	13669891	10735560	12432089	14135069	14080847	13954449	11946806	12840384	08751603
14331677	14041400	14739408	14524709	14859490	14331677	11445088	10397987	13126898	14024692	14159073
14508790	13110008	14155263	14205308	14252848	14944236	11249680	13633671	12812915	13370316	13078541
14320378	14320378	09110940	14505751	14237302	13368043	12564406	10564404	12022066	11521491	11681514
14052083	14052083	14455947	12475162	13457658	05904454	14534955	12948068	14210466	11549726	05873333
14509963	11455343	10148379	12795486	14750339	13712698	13668022	11424530	10065455	13304383	12814699
13947670	14180460	12579444	13093742	10173950	09500361	09876732	13969764	09203036	13564792	09267759
14307097	06921811	09492072	07981485	09862894	08000697	09326605	13927611	09986906	08157483	08926997
14508471	10094875	10605444	09439930	13298661	14964595	13605983	09213197	13074407	14040945	10250273
13945422	14159657	14629498	13162536	08539783	09878598	11211187	12275112	11756389	11530116	10001473
14334767	14334767	09526529	09240575	09134564	09326588	08919344	09165202	09841046	08993867	07476700
13947144	09968575	14308273	12140387	10904381	14457125	13169511	11150014	10041238	14041585	14740074
14267904	14267904	08562482	09146819	10176179	09824810	09522269	10068465	11091258	10217600	10175844
14509602	06928507	11595370	13461804	11200721	11772223	13045373	10614802	09149666	12843851	12132510
14462509	14462509	09832630	09266652	09878893	14517781	12706833	08023862	11892808	10758224	08993178
14327854	14327854	11439276	11607013	08258637	12272171	10181301	09480491	14539860	07753659	14054946
13964405	10917141	10765027	11320303	09262187	09009335	09815862	09013691	11024678	10643675	13945076
14508011	13164744	07069358	07954605	14161611	12389378	12420046	06370897	14161570	07213213	11525737
14509820	14107773	14488012	13347447	14098121	13672140	14509820	14030697	14106829	13452000	14106549
13952678	13952678	12344479	12472386	11319593	12527602	11905510	13690250	13491254	12585582	12411128
14169226	14169226	14740750	14336550	13316673	13738938	13419797	13064140	14663215	13742285	13228997
14325427	13593255	14325427	14624515	14015828	14943160	12684560	11201209	14608798	14195828	09427138
14334623	13275697	13035753	12944887	11958562	13207209	10248553	13592806	13283090	12479655	10648194
14330859	13751168	13448056	13712428	09225828	08713074	08327480	13052971	09742090	12461193	14192239
14366908	14366908	14310826	14345875	12289796	11166198	13430280	13310871	09712193	12622078	12461164
14178282	12981502	12981491	11617744	12204809	14077191	13592347	14100031	13615641	14079316	14178282
14178282	12981502	12981491	11617744	12204809	14077191	13592347	14100031	13615641	14079316	14178282
14513810	13545354	13796044	13633671	14513810	13955556	14954465	13767217	14727230	14467537	12349055
14514893	08119671	11984012	06354034	14514893	11314135	11607328	11955235	12219388	12344563	10891626
14311697	09599994	07466915	07186237	07295265	11495454	14201641	12882449	12908198	12251735	12390257
14322158	14322158	13423382	09842141	14320818	14540483	10278906	12474700	14489812	10300036	14788880
14514358	14259494	11340180	12080008	12629755	12903922	12903945	11604490	12725625	11015140	13036559
14483520	13317401	14483520	13235366	14592306	13107191	13373766	13317323	12132631	13370691	10908917
14336613	14336613	14446602	10428692	14251637	11663831	09790298	09149319	09361645	07681258	09789342
14361988	13984604	13691038	12733753	13388651	13882412	14361988	13530727	14522789	13503439	14236604
14218751	08527093	06301794	06321500	10588103	14403405	09716416	08802255	09326150	07739791	14339443
14218751	08527093	06301794	06321500	10588103	14403405	09716416	08802255	09326150	07739791	14339443
14513834	13766141	14513834	13799539	13680575	14010991	12591534	14617174	13452516	14332266	14479404
14456992	13843817	13247869	12946515	10922140	12946526	14733780	09258891	12946543	14101287	13707331
13948914	13948914	12430253	10389264	11872292	09735338	07867461	09102499	09136831	06141616	06557459
13953473	13953473	14331799	12002755	14994707	14059022	08751910	13901853	13339587	13212121	13164807
14494180	13038473	10192276	10816271	12212798	12789691	11273248	13088610	10231041	10151915	10696826
14485049	13720249	12636980	11657696	11715365	13226148	12163033	12132068	12939251	11830260	14040043
13951801	13106359	12508607	13906352	09024807	09513762	12857172	13480701	13040712	10075472	08659384
14176026	14176026	14196512	13728549	12833133	13746853	14487287	12219990	13085776	14444155	14824896
14340303	13427521	14340303	14975142	07566923	11301240	09910182	12644779	12869496	12610804	08156341
13950223	11876688	13950223	10887599	14504612	14660535	08964784	10288668	10860813	11060017	12147418
14488494	08081484	12023321	08476948	08009521	14058518	12539160	13829378	12114667	12335538	13333742
14460426	11021070	09696619	10959975	11501314	12153495	10627179	14829764	10267319	10683353	12153263
14338575	08066888	08685668	09893724	07691802	08239271	07716785	12924263	07547828	10215187	11199293
14314035	09879076	12365874	07719430	14169592	07972671	08300132	12039711	08346829	12905873	09218303
14517407	13960038	13231194	14517407	11158022	14227986	13175230	09208271	08370611	14144953	09055692
14489526	10305689	07827433	05720235	09008328	06801548	08730300	13104494	07261209	06312074	06698999
14228319	14228319	14816129	14308706	14089948	13400097	09451356	09082036	14939463	14836147	14104876
14445165	13885595	12492786	14167680	10393024	10889829	12757352	13131736	14657074	10954184	14043855
14518094	14518094	13872498	14727251	14566197	12218239	14474839	13300002	14924415	12668554	13554264
14516598	12257175	14204145	13317697	10829173	12662485	11829310	11229524	13967705	12926678	12081931
13955382	14249959	10709113	12500915	12431571	12332579	06069349	13313806	12433431	08547881	08642134
14519622	09212084	13412714	11160698	13403591	14255948	12013514	13628251	14098290	12645981	12652275
14519622	09212084	13412714	11160698	13403591	14255948	12013514	13628251	14098290	12645981	12652275
14322990	13680781	10426023	09551362	13244120	13495206	09501411	14802790	13133536	13528976	08646512
14519902	13784220	14519902	10797463	13351101	13098925	13081115	11430243	12122531	12409968	08922384
14449806	14449806	12128230	07742918	07751991	08603261	12878979	11516733	14251052	13052971	13232839
14339013	06817237	12683053	11066033	14824565	10810668	14855984	14824702	14855978	10997905	14771547
14096286	10710199	11616808	11566688	11320303	14488295	11163894	09313166	13185517	10746881	11615750
14520286	13425221	13594296	13236656	13412714	14255948	14583771	12633990	09276777	11319531	09731169
14191978	09032398	11763801	13151316	08615388	10820826	10747189	10376483	10605163	09638989	12237276
14325049	10056729	10706068	11209120	10644882	11222624	10054130	13456463	13795333	12553897	12634589
14339653	12833470	13784733	10262865	13389878	14379626	13906930	12186129	12684160	14648636	13940070
14519192	13616522	14519192	14446344	13369643	14454739	14548298	11946010	14449381	13369423	11110468
14332219	12230685	11826246	08906270	12252548	13244235	11432397	12323114	12238690	11942742	12201384
14328913	14328913	12702205	12702213	12702199	11962060	14516759	13613320	13340391	11944834	14321532
14076340	14076340	14016385	13613652	12344091	14177750	11819566	12982409	12962437	11964136	14167700
14518797	14047074	13832592	13621074	13832448	13621061	13465845	13620846	13832293	13465826	13465818
14450222	12927837	11277507	12477232	13792039	06769306	14450222	11722085	12932542	08386384	10184743
14446780	14446780	13198991	08810461	13732713	14120274	10709109	14519630	14228200	13206203	11865432
14519622	09212084	13412714	11160698	13403591	14255948	12013514	13628251	14098290	12645981	12652275
13954140	13954140	11508419	10327366	08378224	13325159	10329789	09434821	14050394	12387626	07513625
14117030	14117030	14761844	14115369	14074919	13898306	13023239	12957378	12852530	13982510	13014708
14285920	14449429	12588802	12214010	11408693	12368806	12946773	13043415	13434604	12191244	11854099
14453480	13511624	13513852	13409863	12978160	09398027	09166968	10053160	10707009	08754804	13543704
14453889	13371690	14713803	13052112	13316071	12875308	12979657	12979647	11944309	12979655	12979646
14456169	13938642	10981559	11850928	11028588	10095111	11063730	14422831	10857983	10354110	08846099
13987591	13987591	07865275	07206055	07260762	11276248	07976335	06385137	09689059	07974873	12792837
14447875	14043192	06655638	09577717	09348572	05765484	13562297	07669425	07481255	13568451	11705108
14524224	14524224	13211542	14972780	14227304	13211504	13295469	14459548	13207449	14474365	12549603
14159114	14920077	14721077	13943685	11378486	14497372	14035771	14458304	13753449	12564004	12638579
14524040	11644324	12085527	13182796	13610498	10770394	11406747	10247626	12241360	13020488	10247284
14449889	08733096	09951162	10959976	08704345	09686668	14416005	12372377	13703524	09105044	11167112
14522789	13503439	13382982	14522789	13990334	12733775	14112981	13388651	13382986	14504965	11792896
13959882	13959882	14728189	14662417	11270192	11455343	12946992	08032500	12830178	09875517	06321500
13962622	12422298	13962622	13345247	12770741	08568213	14507201	09216780	11563729	11017125	13863394
14493849	13720362	12318165	12651688	13717383	10758523	13717429	13618182	11330660	13604436	14569035
13959777	13959777	14672865	13670951	11888720	13487268	11946010	13299446	14071674	14680482	12102871
14309385	09400685	10164205	09207472	10241115	09954251	12188766	10261344	09517083	10664379	11422856
14524966	13438731	14524966	14850062	09374894	09034316	12207949	10358617	09879076	12078739	08752631
13961336	13452516	14709488	13961336	13370231	11618601	13206523	11965582	13851113	14340267	13417299
14522664	14542191	14259629	13572866	10936196	10674317	12956393	12954229	12683613	12005483	14522760
14081647	14081647	14279847	07865884	14106813	14954257	13723653	13341299	14107958	07940214	14569801
14076545	11878904	12486281	12647951	14136582	11850754	12949194	13608150	12215738	12327754	11586510
13485397	13485397	10553223	14649591	14772916	11724740	09146819	13683239	09522269	13622513	09756721
14524503	14104933	13100906	14524503	12255322	12134780	13439271	09059754	13104262	14074820	07500601
14109582	14109582	14702380	10876778	14136997	14086506	14570997	14696030	13270196	14084243	13672528
14096801	12914164	14297336	13717470	11730275	14688749	13717944	13714331	14567706	14696030	12078257
14336337	10063069	11317429	11650120	07615876	10283992	10473875	09266072	13243245	07268499	07759640
14341601	12172887	10315370	14195010	13188651	10965985	10749298	13334241	13329772	08536373	13285088
14517424	14102172	14517424	14090387	14090445	14086472	14103620	10493437	14160962	14110341	14103601
14494320	11024848	12476367	10330425	12256211	10180046	07412305	07630439	09031603	07133709	07819206
14333334	13086560	14333334	10169237	11833138	08280953	08484354	09832447	08698251	09316450	08435074
14521743	09862733	09209651	09496081	09982574	09878657	10065122	09259001	08868651	10971133	12793051
14514207	14514207	13719044	11351450	11761577	10741787	09231339	12495723	10183407	10183465	09349709
14016305	14016305	13826553	11618948	10092714	10191775	12468301	10191774	12123083	09583097	11390896
14075910	14573795	14075910	08753293	09217574	14508584	11616817	11314135	11607328	12219388	13717546
14274953	14274953	14290974	13528842	13861449	12769744	13870207	10063822	12936292	14493478	13563756
14130496	14130496	14130631	14420903	14771627	14787262	14117007	13318333	14782284	13501241	13884095
14455697	14323902	14151093	14019889	13118312	13891897	14455697	13795788	12962668	14482425	12775482
14496404	14657275	13533304	13528846	14249329	14466314	13188215	14049194	13101387	12355646	14352931
14496500	09916518	08685668	08944136	12462909	10387075	09406794	08947731	08473953	07738538	09406791
14526460	14610008	08846099	13825644	14852976	14021314	13437003	12724047	14026275	13461798	12269027
14527137	13115883	14186194	13457711	12369240	13133891	11390441	11564460	07599333	11673773	14706852
14496490	13654486	11499727	12838031	13723210	12943918	12963921	14704685	12003276	12406568	13789444
14148362	14148362	13176775	11771146	13192798	14184189	13601871	12078739	12622863	11643022	10426833
14527450	12436515	14728328	13176896	13051784	09838355	13050655	11395855	13598364	07170028	12565801
14531025	13751549	14531025	07675665	10904876	12201835	06717363	06076845	08062754	07868732	06769092
14207470	14207470	11558447	10461265	11446925	11360741	11964522	08970703	11162152	13928087	11983913
14385805	14459562	12771925	11298063	13707137	12369247	14137410	13968641	13159067	13421271	11359519
14024102	11574337	09882244	09510786	13204072	12698293	13865306	11374000	07431420	13153538	14013734
13966294	13966294	11404471	11776497	14209384	12147494	10439519	13974909	09252930	13800760	12662441
14527079	09572325	05711301	08344572	12958730	14527079	13603882	11064495	11969273	08200582	12608018
14377263	06808144	08579605	12183128	08009594	12547521	10770899	14370529	10985219	05807693	10898746
14283833	13630619	14170972	12659775	14283833	14638741	14491302	13690678	13427293	13830778	13784636
13968348	11949962	12006204	11759622	13757137	07959852	07866651	12493179	11285598	13315742	13963631
14149470	13605779	14481953	13198241	13706701	11779951	11637791	12361195	12463561	12119412	13279451
14278743	12138503	13340391	12400847	14062088	12034876	12702205	12702213	12702199	12695525	11962060
13969626	13969626	14704986	14704982	13253855	14180252	14180272	11782149	10653892	10091927	10838962
13969810	13969810	06127362	13685737	10162664	07127389	06896954	14655095	12277123	09372051	08181261
14326869	11749162	11126247	10905903	14326869	11618937	09886718	14312837	11074730	14159420	10421756
13967879	13967879	12870925	13765704	12320667	14828364	12926965	13407848	10392413	11616499	09528143
13967908	13967908	07194707	09709401	13662551	09226397	12891644	12125875	12355121	09266072	08920604
14267879	14267879	13717160	07901279	07901275	11302606	12252970	09781175	13172592	13090776	13168699
14492622	11375831	12107177	12868346	11861013	12192312	14177231	12411820	11849565	11564948	12774762
14527170	13596704	14526201	12703071	13718663	14933452	12246093	14296850	12114659	09434688	12592396
13968850	12370051	13968850	06047397	14331233	13098925	06617217	10183296	10643383	08240549	13064160
13971177	12384309	12384329	12384292	12651146	12384330	12384299	13960807	13323911	08951503	11830010
14463768	14463768	14690591	14049336	14071949	14471037	13949872	13342816	14155392	14660118	14985278
14348948	14348948	06647247	14374250	14692099	11912906	12634630	13260560	14239353	07290520	06509805
14528388	14249959	10709113	12500915	12431571	12332579	06069349	13313806	12433431	08547881	08642134
14463262	11922092	14397106	09275868	14463262	14744297	14006548	12028585	14014260	10829173	13014436
14513821	12812915	13633671	09110866	13723210	11499727	12838031	13654486	12963921	12943918	14043502
14513709	11971374	14523938	13783399	08921726	09688466	11164345	13280681	08360944	11326009	10711844
13975380	07247390	08774819	08774713	08223085	13975380	13667430	07531386	06674903	13851219	12893535
14513721	14058328	14093072	14065479	14656115	14578566	14142158	14604116	14044593	14554759	14200348
14530638	14157550	14489531	11444355	13401113	12113994	10988785	08139718	14627448	12636912	13921554
14468503	13670951	12265580	13549319	13670818	09181119	14183541	14564050	12426151	13232048	11946010
14503424	11162152	13419443	09692010	12563434	09489178	08993223	10352211	14140544	13538438	12851805
13972032	08740146	14457119	13341846	14468832	11441724	12814228	13093726	14957585	13181639	09046059
14450674	11452549	14515233	14465539	09306727	13601088	11618038	14434279	09494361	09713339	09567009
14500914	13214260	13846169	14500914	13086397	14490679	13094953	13591226	13661998	13676575	14017001
14532828	14855462	14555056	10353554	12946875	13655979	14445416	09306097	08549990	07518349	13091681
14464423	09187610	06582642	06336991	14014069	07901296	06094619	12003111	11642896	11703639	07977171
14526581	12902402	13365983	13166091	12344063	13710505	10269244	11404062	13927468	09862532	09071310
14530204	13226380	14530204	13610897	14819448	14819450	14015986	14857497	13710505	14083777	13599951
14532311	08344572	08035638	08073510	13961225	09572325	11262728	08200582	14164298	10866195	10920387
14528343	14712083	14528078	13731716	14528343	14523286	14928206	14860755	14221859	10209986	12850194
14504463	13545046	14504463	10156955	10659337	14706852	09983390	10425664	12848355	12605567	12032730
14504957	12776528	13960792	13306943	13614618	12803736	14727392	14171363	13110953	14557419	13407336
14503698	12996721	13397169	14056230	11262728	13019643	14494026	14739026	10770738	10716948	14159657
14390982	14390992	09666816	14390982	10472191	08577256	10444604	11241258	10062906	09120164	10302949
14533668	13845382	14533668	12647625	11777357	08701232	12613744	11940522	13784636	10157361	10196299
14530042	14062079	14614361	14046459	14168452	14847819	14530042	14964422	11748035	13586607	14518391
14467899	13927968	12831612	12493317	13178786	13053166	12702205	12702199	13903775	12702213	11962060
13973774	13973774	13686488	13189726	13591257	12267308	10100856	10376936	11276477	11600356	10933205
14514437	11295422	12764005	11958356	12499752	13461798	13967338	11559423	12048631	12469064	14514437
14515545	13364142	14515545	13400509	13419464	13670818	09792571	13426931	13225189	15007465	14186530
14526201	13596704	14526201	13288399	14476446	12703071	13603478	10777297	11448200	10722935	08859345
14150523	13050398	11639157	13292508	09723222	14508584	14282230	05673510	14075910	12648230	13296919
14323461	12390257	13239229	13676768	14215346	14876581	14488602	14194441	12544451	14642146	14657722
14016478	14016478	14024646	13782183	08214767	08546913	12278955	11819741	08359185	08584473	09496951
14226766	14226766	12082782	13860369	11288387	14561932	14069381	13892120	14103850	14263484	13474923
14307309	13356923	10897108	14852976	13244120	13200826	14085211	11219676	14721952	14541063	14021314
14330992	13937141	14273958	13163937	12003467	13922303	12859594	14710488	13168760	13097437	14814085
14520023	11217282	14519964	14520023	13660417	13860282	13674088	14452547	11273088	12508084	13672685
14537264	10266702	14905565	09815641	10656099	10784192	09496951	13377311	11641070	10933254	11460818
14464912	06822919	14006548	10215187	07397232	14669714	08353080	10617665	10215260	07738538	10263800
14394851	14394851	12514770	12088999	12178764	14358190	12772015	12442511	13111406	14402175	11813812
14471157	09275889	12881842	08528887	06380698	14888955	14114626	12005814	13013273	07596493	07587807
14542192	14542192	13436613	13474240	12527087	11711840	12336107	09865874	10719089	12025584	10860151
14489169	13021307	13528059	13932661	08164915	13861449	12426391	11771588	13005075	11647170	14195778
14472814	08327479	14221198	13673910	13576225	13241545	11036012	14472814	10968851	14862127	14296061
14537455	13095008	13095291	09571588	13115186	13238045	10098706	09636558	09121154	12928547	11639257
14469748	14469748	08554891	09187140	11847445	09664112	09268883	11567106	08119671	12719777	10891626
14459999	12495948	13772741	12934012	11094190	13614510	14637128	12285014	14854752	08881944	07622146
13921549	10644882	10228062	13045528	14321516	12497953	13446458	10829313	09532721	12795020	12106382
14338285	10988785	11015993	10135947	10794533	10794508	13436980	11520817	12113994	11444355	07618631
14529248	13406972	14511273	14493416	13686169	11487552	13863542	12816108	14886871	13602533	13525502
14534742	14534742	14918973	15058856	12769167	14046150	13742247	08527329	12767482	15048053	14016905
14245079	14245079	11343328	11807466	11595985	10608338	10959788	12211122	11566059	12624776	10650344
14016045	10876980	12905756	12197077	10341339	10249369	12748843	13216715	14692613	10820826	12153584
14476299	14476299	14503303	13634159	10692543	10115963	11574455	13770258	12220827	11666764	14969690
14015353	14015353	11128633	09853111	09574850	09023547	14171584	14043138	13495011	11016558	12205294
14536068	11964092	14536068	12060115	12890045	14827862	12499788	13452140	12955565	13629931	13791305
14031001	07691501	14247844	06793768	08982982	12798963	08514912	06372301	06774963	09891046	14120196
14538944	13451947	14538944	13533816	13779512	10105431	13364924	13682326	10735845	09783157	09816436
14267008	11345901	10631595	12401145	11170820	10770738	10171247	11550553	10954835	11155174	11702616
14538951	14538951	13762417	08106144	12627652	10753325	13314339	07203152	14604430	09789610	11569349
14013182	14013182	11811489	14708350	10265660	09811445	12736053	10382784	08946418	09182979	10775370
14466983	06601360	12572326	10361561	12232004	10259180	13830778	11242850	08556103	10157361	11555902
14076489	14076489	13069276	12979201	13452752	13787979	12964415	13190609	10900089	12756317	11375046
14135617	14135617	14142987	13484497	09222008	11527965	10141184	14057294	09427727	11835372	11281180
14142987	14142987	14135617	11688666	09837233	09421233	10141184	09222008	13669226	14251495	10330557
14536761	14536761	14067907	14059790	14881492	12525510	14221572	14203585	13044458	13425203	10151150
14460561	11477948	14460561	11986917	12345794	12169555	12486281	10750602	12154937	11646418	13451824
14303061	14303061	11966014	13340391	12695525	11944834	13601304	13619122	13157344	13337200	12702199
14468736	14468736	12647576	13604442	12702597	12702199	12702213	12702205	14303061	13151678	14557044
14471231	11679072	13226148	12163033	13176859	11965548	12559374	09922415	12939251	11557343	11965191
14014397	14014397	12495242	14873202	10370398	11818640	10028686	08748189	13485318	07997302	12014832
14514586	13161961	13855636	13653140	11539754	11292519	11951607	10378723	14514586	14935988	09649515
14524647	14159657	10770738	10171247	12132925	10020840	11304226	09209315	12996721	09742062	09384748
14534509	14534509	13567874	13775997	12547301	12727545	10198020	10198591	13601291	14032796	14368423
14548408	12366151	13355878	13952678	12344479	13337421	12585582	13690250	12072588	13271129	13791468
14540881	11503944	13048211	12634120	11750955	14166583	13308146	13089544	13934021	14022235	14877948
14276187	13356923	13666196	14852976	14021314	13210532	12833857	10662393	10120425	12475136	10736703
14519964	11217282	14519964	14520023	13660417	13860282	13674088	14452547	11273088	12508084	13672685
14540916	14540916	14096555	14452981	14857502	14455697	14415373	14345050	14333388	14493784	14112546
14479623	14474011	14043192	11857113	14215257	09057180	12589945	09723222	13726102	13334720	12705112
14185322	14185322	14333795	14496471	14192239	14800251	11429581	14555056	11177447	11364773	12840283
14272532	13563756	14228319	14272532	14385113	14064208	12873215	14164247	13326337	12145320	14816129
14023819	14296497	13340639	10678837	12556576	09446683	13670951	09271561	14071674	09694435	09973960
14543400	09446683	13342189	12977297	14564050	13590555	14296497	13349572	13299446	12557495	13348961
14025119	14025119	09713339	11328094	14163460	13304777	11987844	09894753	09072052	10984843	09769710
14072245	14072245	14611683	13372432	13150299	12270627	12648646	12270602	12270574	11302736	12630658
14481058	13423747	14385113	12628950	11470620	13662525	13563756	12182383	10340137	12882449	13050677
14542881	13871793	14542881	14264738	13452963	13723210	12964386	13955276	11471671	13783643	14306115
14543785	13290639	14543785	13484965	13008820	13865211	13427575	10164557	13028404	11048880	10677229
14539812	06695657	05875824	06106341	05870548	05830222	09215643	11383890	08836426	10793901	07644019
14023007	10865433	10763305	10769316	10883443	11684855	12125175	11927006	14931009	13443003	11452547
14449177	08331496	07236884	12527602	07559082	10579154	13139461	06089923	11643486	10311516	14096620
14481905	14481905	14719342	07857020	11087127	05838199	10872618	09973093	09683382	10156514	12874881
14022317	14022317	14740431	14740438	13682331	14057357	14578722	13671730	13672864	09882244	14230410
14022945	13596409	14839917	13556608	12857017	13662194	14288766	11610533	14640851	13558664	13465159
14478817	14485922	12477054	11162152	14752480	13241079	11946010	10708504	14066891	13232975	10992362
14042976	14042976	14048078	14014568	11572753	10685850	08386967	07712965	07258900	07515601	07899343
14463650	14680094	14318643	13198738	14463650	11969410	14369807	14262314	13012877	12432003	14143178
14546642	12983211	14684256	13350206	12794390	14275762	10973114	08929579	13708117	08574056	09231726
14539863	13781095	14539863	14712734	14940025	14510299	11053009	14383595	12977248	13867053	13484550
14023382	14023382	13767788	09425242	10998678	09143173	09204073	09204074	08403382	08848340	08536005
14547850	12115103	12697653	11477691	13234536	12976153	13779358	07571772	13100745	09599358	07024010
14191637	14191637	10853193	13075053	14570851	14540694	14631389	13844910	13532299	11710991	11605977
14198109	10879878	08961051	11611922	10747937	12727185	14244733	09875001	11987832	11592308	10096425
14546294	13734777	14546294	13015579	12930022	08948531	12455936	13535681	12456744	12456354	10318458
14540824	13717145	13608341	14540840	14569035	13717383	13618182	13280799	12964233	13112767	12624966
14541159	13674967	14541159	11647729	08259182	13676433	08046201	12782839	12782853	12174287	14183193
14394296	14394296	10401701	12195031	10630537	08181520	09162006	09997658	12549951	13785109	09880675
14464737	09732444	11931101	09186681	11960751	14464737	07683435	10526868	12966136	07659080	11962118
14084628	14084628	10463677	09876730	12699058	14079316	14821158	14852976	13831992	14021314	14078494
14550396	10086892	10830729	08248135	08555027	13172840	11392331	13535509	11063479	13834100	07247390
14143649	14066460	14095650	14098359	14143735	10123423	13710119	14104974	13543844	14537280	09055986
14485299	14485299	13187667	14869667	14306115	12941536	14236582	14560224	12408136	14624896	13654486
14026383	10050792	13670951	13670818	10014612	09973960	14225943	12358943	14692413	10352211	12915589
14182789	13023042	14088432	14839917	11646837	13169052	09310241	12431391	09595851	09223236	11164825
14372624	12552205	11190682	09388521	12143557	13398038	13464131	11187401	09676300	12914933	08812258
14068566	08896946	12830178	12146456	12796672	12796666	13624701	10251979	10689723	08931716	12371879
14550328	14550328	12493617	14550445	11864604	14960716	14013932	14928586	12652875	13042049	14570888
14464020	10060466	12602747	12953660	10959960	14855549	14464020	14805011	13646976	12882531	10096750
14552287	10413015	08699945	11319593	14249520	08122100	06611929	12970962	09612595	08218947	08859345
14385861	14385861	10385106	08783775	10071581	07429807	07697350	08993487	07198901	10783673	07516011
14176538	14692174	14176538	10056357	11745595	14132192	09713339	08685884	12944160	11326009	13590196
14391855	08988506	10876511	11295623	12259357	11435436	14391855	12983967	08099682	09668031	13730611
14553835	11618038	13037372	10697504	06922322	11738763	14761545	10336801	11473081	12163581	13845597
14553185	13590949	14553185	12434264	11801317	12558421	13290208	13602650	13473822	13733761	11320281
14550445	14550328	12493617	14550445	11864604	14960716	14013932	14928586	12652875	13042049	14570888
14552212	14075089	14552212	11394064	14554971	14163694	10726515	09021500	09369105	12568925	14050338
14229915	11586665	13192702	11502016	11538983	13935487	14229915	13717269	12238850	13604425	13484497
14341739	14341739	14953384	14979458	14316936	14979459	13867051	14966894	13680286	14487078	13564883
14552586	12329626	11992546	12765060	13598960	09318743	14552586	12618766	14572014	12956926	14069719
14032159	14032159	11294055	12164299	10406320	13830780	13605779	12719188	13706701	14280606	13948366
14559594	13599956	14569035	13618182	13600020	13604073	13598579	11647087	14477522	14568968	12364228
14548248	13216276	11946010	09181119	14548248	12133388	12426151	13299446	13585801	09206451	13937142
14543306	14033172	12954695	14170497	13966262	13327721	11242509	09011281	09555940	10924925	06477998
14496599	12522823	12145320	13595682	11637151	13681101	13326337	12550789	12571981	13114384	10463393
14495945	09144651	14495945	14824899	09907133	11318371	09815641	12801685	10656099	10978740	10787038
14495953	14027157	14609279	14811508	14495953	14639808	13739990	11750317	14014411	14010549	12391196
14496539	14496539	11750595	11732767	13532454	14051460	14303362	14638641	14621046	12871029	14229363
14486179	09040750	14466314	08318135	07358035	07738538	07968453	07423969	12401772	07291571	07535440
14493877	14829720	14493877	10446056	11274182	12199489	14453519	12576672	10673401	09814057	10835824
14561384	09919241	09919250	09667203	14689119	10697185	12430966	14106899	14105902	10960871	10248022
14561593	14021314	14852976	14379259	14355244	14744557	14435964	14552915	08713074	09225828	09473470
14496998	14228319	14816129	14132123	13189933	14191749	14740283	14055845	13778161	11679614	12570255
14474634	14175419	12202555	12691740	13221931	12975232	13287224	14944236	12615081	13366376	14886110
14565045	14565045	14582957	13936399	14080495	14956804	12437025	13795987	09221837	10953576	12040390
14554766	14554766	08297279	13937622	13154677	09853474	10660705	11111282	10147550	09434773	12974954
14491114	13337954	14140316	14639362	14033892	14769002	13692449	10829173	09416057	11819784	10612925
14295532	14295532	12382481	08274830	13759923	10898204	12853368	11739874	11782914	14152980	10147047
14561788	11245527	09903977	09861213	14015184	10859566	12951943	11129293	11330660	11183409	10299535
14192893	11834129	11048845	14489439	12121818	10678909	09523064	10915892	12512788	11064231	11737714
14033941	09387388	09756539	13670951	12133388	13914640	14041336	14081413	14526517	11657150	14934602
14467474	13034160	13938082	11326159	13070170	13659229	10997905	07224294	14754174	07005668	14048885
14487702	14487702	15052521	14203296	10282144	12078138	10796962	08923905	06628316	11771146	07813825
14033789	07375080	08300580	14033789	08871383	12700707	10184697	08136516	10350691	10962048	09340344
14038526	13439087	14828449	14472504	13240058	13593328	08947939	09359449	09201581	08398110	08500293
14503861	13917662	12480101	14825072	09727527	07677001	11858322	11858341	11551973	10397664	11026336
14495775	12187550	13137668	12071349	12814840	12222635	11588249	13601826	12107585	10816854	09102074
14506366	14134930	14506366	14136997	14084243	14086506	14688749	14297311	14616458	14298581	14296020
14033727	11617673	12276777	13209241	11962049	14277087	14280606	12167265	12855799	14075097	10406320
14325069	14716722	14325069	14474399	13739914	14038526	13681133	14273206	14158589	13462340	14267493
14555172	12559374	14555172	12147109	11618697	12016805	11288686	13773291	11965548	11965191	12132068
14200454	12833098	13105539	12136968	13153285	13342474	11776729	13602107	11715365	13948366	11288686
14037413	14037413	10119191	10215676	14083619	10215678	07864481	10337055	08706647	12285797	11237082
14556973	13372135	14556973	14833476	10662535	09516478	11636205	12419470	12183285	12855799	12344157
14556967	13364881	12769287	12872020	11676239	13331371	14328401	11533126	10349702	11949814	10830264
14037303	14037319	14037312	14037303	07055669	08315792	10277851	07317001	08890055	08576505	09518670
14044752	12996721	09213197	12016889	14516172	14629498	14215149	14046403	13008410	13846129	13773612
14157255	14157255	11026925	13071182	12318165	12336474	09073869	08152707	11616285	12165228	09451839
14496287	14496287	14062128	14073709	14558430	14135426	14134149	14061939	13678609	14501029	13857279
14496459	14694575	07101183	14067146	14287621	14476754	13819919	14585999	14177232	14459339	10909551
14527921	13345707	13996152	11438353	14801786	11417136	14989651	13610888	10776177	12410342	11186424
14146097	12136915	10940806	13935527	12603929	11905434	10063822	09659134	09599994	14164247	12446635
14480958	09114290	11319563	11218632	13981333	07358035	14336716	07535440	11812823	12401772	08833205
14496503	14876261	14496503	14367367	08359419	14422414	11163814	14308129	12423542	12405978	11938773
14496617	14496617	13499652	14476454	09302141	13189841	14318064	11953655	11476205	13308056	12369110
14336055	14336055	13464101	12980272	14251546	10710075	13031629	14798466	12204095	13149519	14340491
14502597	14502597	14507410	12146422	10061241	12073736	12202532	12338438	11856303	14064208	14712867
14574640	12890964	12079760	13414294	14021501	14184173	14703273	14574640	13410399	13113662	14330518
14275946	13456310	10166364	10097789	14062619	14275946	06501340	11540625	13558725	09599994	10621587
14283426	14479943	11163472	11871121	11870428	11163219	11669951	13670818	14283426	14685905	13599999
14039161	11313852	11984012	14582626	14039161	14582608	09513270	10908917	11753561	11163987	10447152
14498091	12167282	12944115	11510115	11698755	13811792	14143100	12961730	12665463	14450385	14965519
14567837	12952240	08988034	12326903	09696608	08231261	14567837	10246882	09880259	10174550	09900410
14566550	09873051	13056406	06681156	10741571	09839043	08937455	13786742	11954600	07275367	13057572
14274588	13792820	12585040	13067193	14274588	08912486	11361580	13545698	09637919	12839279	07605324
14040297	14040297	09504344	10391315	08619436	10987812	09259010	08864475	08882690	08968555	09652617
14334690	14334690	13008992	13610171	08378217	09731459	10024299	12912309	10328603	10067411	08698937
14041663	14041663	13333822	14077798	14473574	14051682	14972908	13221752	14299693	12832320	11279018
14059229	14059229	14052252	12464240	12915573	12490896	11616411	13402922	14178201	14064524	12697542
14150783	14150783	11497506	13748604	11097102	09768122	07747627	10045473	14074243	08776468	12055317
14512988	12232887	13440558	13891260	13064325	12285362	14228987	13690267	14052064	11317403	14706387
14561459	11781754	07139508	07769165	06750809	07159179	12469430	09449804	08414866	08918059	09752233
14510405	14510405	12885054	13675458	12885012	13746402	12200161	11363244	13926780	11736300	12885100
14487196	14487196	13256870	07320617	08031470	13110227	13693358	14507339	10838626	13523107	13370157
14472778	11565747	14035771	13598490	14338186	14452105	12461140	11980250	12378179	12368806	12638959
14571392	12411618	13169600	13288089	13236982	06911431	09949080	13298235	12326144	13449456	06384818
14045474	10860151	12654459	12845629	10427274	13868183	11347645	13474240	09396561	12762943	14610433
14510758	14510758	12718465	10247965	12064950	12958457	12360250	12785024	12756833	11132485	12667743
14325129	13216192	14325129	11225423	06717741	08367525	12142361	08963529	13832619	06384379	05927625
14045466	13596409	12768877	11741889	11610533	09731169	11942756	13556608	10044768	09260411	11091733
14571561	13935228	14571561	13377766	14251830	11428983	14456651	14541179	14202453	14942167	14813435
14569597	11979748	11616285	12116821	11476261	11499568	11552359	12553581	11871876	11773372	12341583
14549194	13332842	13921883	12650942	14549194	14938389	14105980	12958307	10633553	13682987	13021673
14572988	12185067	13477630	10678412	13848771	12136037	14572988	13136185	07887963	13249569	12964644
14566074	13600020	14477522	13598579	14563733	12880891	14568968	13218971	13403065	14493446	13277496
14569035	13618182	14569035	14540840	13608341	13608856	14680714	13607350	13605046	13718351	13604316
14569035	13618182	14569035	14540840	13608341	13608856	14680714	13607350	13605046	13718351	13604316
14567810	10758523	11330660	14272056	13112767	13477632	13718351	13218971	13717429	14460954	11317684
14568685	14614544	14568685	15052648	09377041	12651483	13433935	13174738	11702347	13768236	09092691
14568685	14614544	14568685	15052648	09377041	12651483	13433935	13174738	11702347	13768236	09092691
14462194	14462194	13546227	06452190	13200656	09443160	14665142	13137273	11400631	10744892	07184788
14507740	13844738	13960792	12325120	13306943	14229827	13646689	14100395	13560919	14320412	13094461
14552024	09597601	12805167	12007084	10856551	10608338	08415330	07998512	10747111	10303869	07617251
14506005	14506005	11616816	10647700	12163707	13218715	13601871	10940141	10260387	12437773	10747449
14055165	14055165	15004005	12971054	14721054	12940115	12104513	10904783	13272340	14309409	13936214
14445441	13356923	10901096	14852976	14079316	13023686	14021314	14821158	11850928	12200791	14256234
14576165	13953743	14576165	13612432	11566724	12784059	14753808	13422686	10709090	13225599	12409538
14550815	12970321	12613275	12514522	12630370	12568630	14015411	11750955	13862052	11993965	14550815
13998210	08139490	10460974	08572196	09706206	08848141	13481963	10150833	14071670	10453008	10213386
14051998	14051998	11261235	08525894	11016010	05710727	06161453	07122971	14073611	06370897	13277939
14575677	13664214	14575677	11551959	10713447	13920033	13902851	13807306	13589199	09393983	12783914
14579898	10802799	10211350	13421010	14576158	09232869	08882312	09756060	09318369	08825298	09213280
14513254	14513254	09594816	10241430	10451023	09010032	08399663	13901081	12844304	13055938	12649773
14579803	12862074	13838598	14206053	13027342	13159236	14028448	13099308	13912107	13926048	13091215
14503563	13193637	13471508	12203256	14814049	14503563	11869227	13599654	14261505	13227492	14986872
14581518	14067404	11738266	14252047	14581518	14746183	13159668	12637345	12174273	11176782	12263584
14219042	14730327	14219042	13715947	12180087	13459107	13669472	13053559	13845800	12770768	14077642
14506930	10770738	10053910	11218456	12608018	10171247	14135076	08421793	06482783	10020840	11240645
14052348	14052348	14694121	07484376	10246273	10677087	10238081	10607800	10391080	09917301	10532627
14576992	12501705	14797397	13929034	13596784	14576992	14294796	09511820	13767429	12986253	10358617
14574973	12537720	07251467	07574153	13529421	11510639	11175408	13707150	12404510	07469728	09149685
14054313	14054313	14809851	09495522	08994506	09893871	14489055	10353375	09997130	10974521	08989917
14446349	12774658	14657645	14638673	14446349	11938603	12606713	12702199	12702205	12702213	11962060
14503709	10253154	09620666	09727459	13228001	13606818	12721476	13412211	14503709	10388353	11428911
14176599	14301422	13325141	12715146	12345275	14283407	14251053	14176599	11528642	10908549	12215457
14573848	11024769	09109086	08360959	12920125	12438351	12045101	07498352	07255103	09136505	13824104
14576667	12943918	13223877	13654486	14075519	13816572	14641221	14385113	12963921	11499727	12838031
14577859	13857247	14577859	13718636	14952191	10760359	14031218	12196156	13867915	13852819	10361561
14551693	10982348	08545261	10713340	11228361	10326668	13663644	11113962	09333787	13922311	13905972
14055893	13721921	11528592	13232048	12252343	11162491	10924079	10746881	09218540	10907342	11162152
14203355	13352938	14466504	14203355	14745052	14281597	14218493	14548623	12170087	14328338	14817764
14222435	14222435	10898448	14656888	13434604	14608036	11258003	14985310	12030786	13508576	09882247
